id	severity	file	symbol	current_behavior	violated_future_rule	risk	recommended_migration_phase
V0-01	V0	lib/app/app_repositories.dart	AppRepositories static registry	Mutable process-global repositories/services are read directly by 43 feature/shared files	UI must depend on application commands/queries supplied by a scoped composition root	Cloud/local hybrid, BusinessContext and session changes would require broad UI edits	108E central application facade and dependency bundle skeleton
V0-02	V0	lib/core/sales/sale_controller.dart	SaleController.createSale/cancelSale	Presentation controller owns cross-repository sale, customer-ledger and financial-entry workflow via snapshots	One business command owns a non-UI logical transaction; server owns authoritative transaction	Partial/double posting risk when infrastructure becomes remote or mixed	108F migrate CreateSaleCommand end-to-end, then CancelSaleCommand
V0-03	V0	lib/core/purchases/drift_purchase_repository.dart and purchase_repository.dart	createPurchaseIntake/cancelPurchaseIntake	Repository implementation is both domain/application orchestrator and SQLite adapter across inventory, valuation, payable, cash and audit	Command handler owns orchestration; infrastructure adapter performs persistence only	Cannot substitute cloud adapter without moving business workflow or duplicating it server-side	108G extract purchase command boundary after first sale pattern
V0-04	V0	lib/core/customer_accounts/customer_account_repository.dart and lib/core/supplier_accounts/supplier_account_repository.dart	collections/payments/advances/refunds/reversals	Mixed read/write repositories hide multi-ledger business commands and financial postings	Every financial mutation enters an explicit command handler with one transaction owner	Cloud migration would expose dozens of repository verbs and client-side multi-step writes	108H migrate payment/advance command families
V0-05	V0	lib/core/financial_accounts/financial_account_repository.dart	createEntry plus transfer/closing/opening APIs	Broad repository exposes low-level accounting entry creation to other client components	UI/application callers invoke use-case commands, never compose authoritative ledger writes	Cloud clients could construct accounting postings or split invariants across calls	108I introduce FinancialCommandGateway and server-operation-shaped local adapter
V0-06	V0	lib/core/financial_accounts/repository_transaction.dart	RepositoryTransaction	Global serialized snapshot rollback is the cross-repository safety mechanism; it is not one cloud/database transaction	Authoritative server operation owns atomic transaction; local provisional write and outbox intent are atomic	Snapshots cannot guarantee remote atomicity, crash durability or exactly-once delivery	108J freeze/implement UnitOfWork boundary and durable outbox
V0-07	V0	No current application/session boundary	BusinessContext absent	No authenticated business membership, businessId, role/version or tenant propagation object exists	businessId comes only from verified SessionContext/BusinessContext and is supplied to every command/query	Tenant isolation cannot be safely added without manual leakage through screens/repositories	108K implement SessionContext and BusinessContext boundary before cloud data adapters
V0-08	V0	No durable pending-command store	Outbox absent	O3 offline mutations have no durable command envelope/lifecycle/reconciliation store	Local provisional mutation and durable sync intent are atomically persisted	Crash/retry may lose intent or double-post; provisional state cannot be reconciled	108J durable outbox and lifecycle persistence
V1-01	V1	lib/app/app_repositories.dart	static final reportRepository	LocalReportRepository lazily captures repository instances on first access and cannot be rebound after an environment/business-scope change	Composition root must wire the final scoped graph and dispose/rebuild it explicitly	Runtime adapter or business switching can leave reports bound to the previous graph; normal main ordering does not prove a current failure	108L centralize query composition and remove immutable captures
V1-02	V1	lib/app/grain_warehouse_app.dart	initState	UI layer directly constructs LocalThemeSettingsRepository and LocalBusinessIdentityRepository; identity repository also exists in AppRepositories	Only composition root constructs infrastructure; UI receives controllers/facades	Duplicate lifetimes/state and future business scoping divergence	108E move all app-scoped construction to root
V1-03	V1	lib/features/supplier_accounts/supplier_statement_screen.dart and lib/features/suppliers/suppliers_screen.dart	createPayment/createOpeningBalanceEntry	Screens call write repositories directly	UI business mutation -> Application Command only	Authorization/result/provisional semantics will diverge across entries	108H supplier payment/opening balance commands
V1-04	V1	lib/features/financial_reports/financial_closing_screen.dart	_repo.createClosing/reopenClosing	Screen invokes authoritative period mutations through repository	Close/reopen must be server-authoritative commands and never generic repository calls	Stale balances or offline client could close/reopen incorrectly	108I closing commands after BusinessContext
V1-05	V1	lib/features/financial_reports/profitability_report_screen.dart	AppRepositories.profitabilityActivationService.activate	Screen resolves and invokes activation workflow directly	UI must invoke explicit application command with stable result/provenance	Activation controls future COGS behavior and requires authoritative transaction	108I ActivateProfitabilityCommand
V1-06	V1	lib/features/financial_accounts/negative_balance_approval_requests_screen.dart	workflow approve/reject/cancel direct calls	Screen reaches application service through global locator and passes owner credentials	UI depends on command boundary/session re-auth capability; credentials never traverse generic business service in future	Cloud auth/session and approval execution are tightly coupled to UI and local auth	108K approval/session command boundary
V1-07	V1	lib/core/financial_accounts/drift_financial_account_repository.dart	_write/_persist	Each mutation changes an in-memory superclass then rewrites full financial tables in a later SQLite transaction	Infrastructure adapter should apply command-scoped atomic persistence with concurrency/version checks	Poor fit for multi-device authority; last-writer/concurrency and large rewrite risk	108I local FinancialCommandGateway adapter characterization
V1-08	V1	lib/core/sales/sale_repository.dart and valuation/account repositories	Local repository business logic	Price, stock, COGS, closing and approval rules live inside repository implementations	Domain rules are invoked by command handlers and share one authoritative implementation/contract	Server migration risks duplicated/divergent rules	108F preserve/extract sale domain policy behind handler; no behavior rewrite
V1-09	V1	lib/core/trial/trial_service.dart and trial_state_store.dart	TrialService.production/FileTrialStateStore	Local machine file is licensing authority and evaluate mutates it at bootstrap	Licensing is server authoritative with explicit cached/grace contract	Cannot bind license to user/business or resist copied local state	Post-boundary licensing phase before general cloud rollout
V2-01	V2	lib/features/dashboard/dashboard_screen.dart and lib/core/dashboard/dashboard_service.dart	direct reads/client KPI aggregation	Dashboard combines direct repository reads and a screen-built service without one consistency token	Query result declares confirmed/cached/provisional provenance and asOf	KPIs may mix data ages and provisional/confirmed values	108L GetDashboardSummaryQuery
V2-02	V2	lib/features/financial_reports/*	multiple screen-local services/direct repositories	Reports construct query services and read several repositories independently	Queries enter application query boundary with declared consistency mode	Official reports can mix snapshots and cannot force one server read model	108M financial query families
V2-03	V2	lib/core/*/*_controller.dart	ChangeNotifier controllers	Most controllers combine query loading, command authorization, UI error strings and domain orchestration	Handlers return typed results/errors independent of Flutter; presentation adapts them	Difficult headless/server reuse and inconsistent error mapping	Incrementally with each command/query migration
V2-04	V2	lib/core/business_identity/business_identity_repository.dart	LocalBusinessIdentityRepository	Branding identity is treated like a global local setting, not business-scoped data	Business profile is obtained using verified BusinessContext	Wrong branding/data could leak when multi-business sessions are introduced	108K business-scoped profile query after context
V2-05	V2	lib/core/backup/backup_restore_service.dart	restoreToEmpty	Restore uses repository snapshots across many durable adapters and is exposed as local application operation	Backup is export/migration artifact; cloud import is a governed server job	Treating restore as cloud authority could overwrite shared state	Dedicated migration/import phase; keep local behavior unchanged
V2-06	V2	lib/features/exports/pdf_export_service.dart and print/report screens	AppRepositories.businessIdentityRepository direct use	Export services reach global business identity during rendering	Export query/result receives business profile snapshot and provenance	Hidden global business scope prevents deterministic multi-tenant export	108M query/export dependency cleanup
V3-01	V3	lib/app/app_repositories.dart	service getters	Several service getters construct a fresh object on every access without declared lifetime	Composition root declares singleton/session/business/request lifetimes	Mostly testability/performance ambiguity, not immediate invariant failure	108E lifetime manifest
V3-02	V3	lib/core/firebase/firebase_bootstrap.dart	FirebaseBootstrap.initialize	Unrelated provider bootstrap remains in main while future target discusses Supabase	Composition root names provider responsibilities explicitly	Conceptual ambiguity only; no current data authority coupling found	Document now; revisit only in scoped provider phase
